[{"name":"It's in the Rain","artist":["Enya"],"filename":"03-enya-its_in_the_rain-just.mp3"},{"name":"If I Could Be Where You Are","artist":["Enya"],"filename":"04-enya-if_i_could_be_where_you_are-just.mp3"},{"name":"Keelhauled","artist":["Alestorm"],"filename":"04_Keelhauled.mp3"},{"name":"The River Sings","artist":["Enya"],"filename":"05-enya-the_river_sings-just.mp3"},{"name":"Black Sails At Midnight","artist":["Alestorm"],"filename":"06 Black Sails At Midnight.mp3"},{"name":"Long Long Journey","artist":["Enya"],"filename":"06-enya-long_long_journey-just.mp3"},{"name":"No Quarter","artist":["Alestorm"],"filename":"07 No Quarter.mp3"},{"name":"Pirate Song","artist":["Alestorm"],"filename":"08 Pirate Song.mp3"},{"name":"Track 12","artist":["Unknown Artist"],"filename":"Always.mp3"},{"name":"Promised Land","artist":["Avantasia"],"filename":"Avantasia_Lost In Space EP (Chapter 2)_02_Promised Land.mp3"},{"name":"Dancing With Tears In My Eyes","artist":["Avantasia"],"filename":"Avantasia_Lost In Space EP (Chapter 2)_03_Dancing With Tears In My Eyes.mp3"},{"name":"Scary Eyes","artist":["Avantasia"],"filename":"Avantasia_Lost In Space EP (Chapter 2)_04_Scary Eyes.mp3"},{"name":"In My Defense","artist":["Avantasia"],"filename":"Avantasia_Lost In Space EP (Chapter 2)_05_In My Defense.mp3"},{"name":"Lost In Space","artist":["Avantasia"],"filename":"Avantasia_Lost In Space EP (Chapter 2)_06_Lost In Space.mp3"},{"name":"Heroes of Our Time","artist":["DragonForce"],"filename":"DragonForce - 01 - Heroes of Our Time.mp3"},{"name":"","artist":[],"filename":"DragonForce - 02 - The Fire Still Burns.mp3"},{"name":"","artist":[],"filename":"DragonForce - 03 - Reasons to Live.mp3"},{"name":"Track 4","artist":["Unknown Artist"],"filename":"It's my life.mp3"},{"name":"Track 1","artist":["Unknown Artist"],"filename":"Wanted dead or alive.mp3"},{"name":"Track 2","artist":["Unknown Artist"],"filename":"Livin on a prayer.mp3"},{"name":"Lost In Space","artist":["Avantasia"],"filename":"Avantasia_Lost In Space EP (Chapter 2)_01_Lost In Space.mp3"}]